, Large B/P , Large ROE , Large S/P , Large Return Rate in the last quarter , Large Market Value ,Annual Return,Excess Return,Systematic Risk,Total Risk,Abs. Win Rate,Rel. Win Rate,Annual Return.1,Excess Return.1,Systematic Risk.1,Total Risk.1,Abs. Win Rate.1,Rel. Win Rate.1
0,1.0,0.0,0.0,0.0,0.0,13.90%,1.00%,1.33,14.90%,66.30%,52.50%,0.532,0.478,0.738,0.8,0.52,0.41200000000000003
1,0.0,1.0,0.0,0.0,0.0,14.30%,1.00%,1.17,10.80%,66.30%,65.00%,0.55,0.488,0.5720000000000001,0.41200000000000003,0.52,0.765
2,0.0,0.0,1.0,0.0,0.0,17.30%,1.80%,1.3,14.40%,63.80%,51.30%,0.693,0.63,0.703,0.757,0.44,0.376
3,0.0,0.0,0.0,1.0,0.0,9.60%,-0.20%,1.39,14.40%,61.30%,47.50%,0.324,0.256,0.8,0.7559999999999999,0.36,0.271
4,0.0,0.0,0.0,0.0,1.0,9.60%,0.10%,1.04,8.70%,72.50%,53.80%,0.327,0.307,0.43200000000000005,0.209,0.72,0.447
5,0.0,0.0,0.0,0.0,0.0,7.00%,-0.50%,1.1,11.00%,56.30%,46.30%,0.2,0.2,0.491,0.429,0.2,0.235
6,0.5,0.5,0.0,0.0,0.0,19.50%,2.60%,0.97,10.50%,73.80%,63.80%,0.8,0.8,0.36,0.375,0.76,0.7290000000000001
7,0.5,0.0,0.5,0.0,0.0,16.40%,1.60%,1.32,14.90%,65.00%,51.30%,0.652,0.594,0.7240000000000001,0.797,0.48,0.376
8,0.0,0.5,0.5,0.0,0.0,18.50%,2.20%,1.06,10.90%,67.50%,65.00%,0.751,0.721,0.45399999999999996,0.418,0.56,0.765
9,0.5,0.0,0.0,0.5,0.0,15.00%,1.50%,1.05,11.30%,70.00%,51.30%,0.585,0.5870000000000001,0.439,0.46,0.64,0.376
10,0.0,0.5,0.0,0.5,0.0,15.90%,1.50%,1.17,11.50%,67.50%,63.80%,0.627,0.574,0.564,0.473,0.56,0.7290000000000001
11,0.0,0.0,0.5,0.5,0.0,17.00%,1.80%,1.16,12.30%,68.80%,56.30%,0.68,0.638,0.563,0.5539999999999999,0.6,0.518
12,0.5,0.0,0.0,0.0,0.5,14.00%,1.10%,1.09,10.70%,70.00%,57.50%,0.536,0.511,0.48200000000000004,0.396,0.64,0.5529999999999999
13,0.0,0.5,0.0,0.0,0.5,12.30%,0.80%,1.01,8.80%,65.00%,66.30%,0.456,0.44299999999999995,0.4,0.218,0.48,0.8
14,0.0,0.0,0.5,0.0,0.5,14.50%,1.30%,1.07,10.30%,70.00%,56.30%,0.561,0.539,0.45799999999999996,0.364,0.64,0.518
15,0.0,0.0,0.0,0.5,0.5,9.00%,-0.10%,1.15,10.90%,66.30%,50.00%,0.298,0.266,0.55,0.415,0.52,0.341
16,0.5,0.0,0.0,0.0,0.0,11.80%,0.90%,0.97,10.90%,68.80%,50.00%,0.43,0.474,0.35700000000000004,0.41600000000000004,0.6,0.341
17,0.0,0.5,0.0,0.0,0.0,15.40%,1.70%,0.99,10.10%,67.50%,62.50%,0.605,0.612,0.374,0.344,0.56,0.6940000000000001
18,0.0,0.0,0.5,0.0,0.0,13.80%,1.30%,1.04,11.40%,63.80%,55.00%,0.527,0.544,0.426,0.462,0.44,0.48200000000000004
19,0.0,0.0,0.0,0.5,0.0,10.10%,0.30%,1.12,12.20%,61.30%,48.80%,0.349,0.35600000000000004,0.515,0.537,0.36,0.306
20,0.0,0.0,0.0,0.0,0.5,9.30%,0.10%,1.01,9.10%,62.50%,50.00%,0.312,0.31,0.40299999999999997,0.24,0.4,0.341
21,0.33299999999999996,0.33299999999999996,0.33299999999999996,0.0,0.0,19.20%,2.40%,1.08,11.70%,70.00%,65.00%,0.786,0.76,0.47200000000000003,0.49200000000000005,0.64,0.765
22,0.33299999999999996,0.33299999999999996,0.0,0.33299999999999996,0.0,18.30%,2.30%,0.98,10.20%,72.50%,57.50%,0.74,0.7390000000000001,0.365,0.355,0.72,0.5529999999999999
23,0.33299999999999996,0.0,0.33299999999999996,0.33299999999999996,0.0,16.40%,1.70%,1.14,12.40%,70.00%,48.80%,0.652,0.625,0.535,0.562,0.64,0.306
24,0.0,0.33299999999999996,0.33299999999999996,0.33299999999999996,0.0,18.40%,2.20%,1.07,10.90%,70.00%,61.30%,0.747,0.7120000000000001,0.467,0.414,0.64,0.659
25,0.33299999999999996,0.33299999999999996,0.0,0.0,0.33299999999999996,14.70%,1.50%,0.95,9.20%,71.30%,62.50%,0.57,0.581,0.34,0.252,0.68,0.6940000000000001
26,0.33299999999999996,0.0,0.33299999999999996,0.0,0.33299999999999996,16.80%,1.70%,1.17,12.20%,67.50%,58.80%,0.668,0.621,0.565,0.5429999999999999,0.56,0.588
27,0.0,0.33299999999999996,0.33299999999999996,0.0,0.33299999999999996,14.60%,1.40%,0.99,9.30%,67.50%,60.00%,0.567,0.562,0.379,0.267,0.56,0.624
28,0.33299999999999996,0.0,0.0,0.33299999999999996,0.33299999999999996,12.70%,1.00%,0.99,9.60%,68.80%,53.80%,0.474,0.48200000000000004,0.375,0.293,0.6,0.447
29,0.0,0.33299999999999996,0.0,0.33299999999999996,0.33299999999999996,12.40%,0.70%,1.09,10.10%,67.50%,58.80%,0.461,0.43,0.486,0.337,0.56,0.588
30,0.0,0.0,0.33299999999999996,0.33299999999999996,0.33299999999999996,13.80%,1.20%,1.04,10.00%,67.50%,60.00%,0.527,0.514,0.43,0.335,0.56,0.624
31,0.33299999999999996,0.33299999999999996,0.0,0.0,0.0,17.00%,2.40%,0.82,9.40%,73.80%,56.30%,0.678,0.746,0.2,0.276,0.76,0.518
32,0.33299999999999996,0.0,0.33299999999999996,0.0,0.0,13.50%,1.20%,1.07,11.90%,63.80%,52.50%,0.513,0.525,0.46,0.511,0.44,0.41200000000000003
33,0.0,0.33299999999999996,0.33299999999999996,0.0,0.0,18.50%,2.40%,0.98,10.50%,67.50%,58.80%,0.753,0.755,0.369,0.377,0.56,0.588
34,0.33299999999999996,0.0,0.0,0.33299999999999996,0.0,12.70%,1.10%,0.94,10.10%,66.30%,55.00%,0.471,0.512,0.325,0.33899999999999997,0.52,0.48200000000000004
35,0.0,0.33299999999999996,0.0,0.33299999999999996,0.0,15.60%,1.70%,0.99,10.30%,65.00%,57.50%,0.613,0.621,0.377,0.35600000000000004,0.48,0.5529999999999999
36,0.0,0.0,0.33299999999999996,0.33299999999999996,0.0,15.70%,1.60%,1.07,11.40%,65.00%,52.50%,0.619,0.609,0.465,0.46399999999999997,0.48,0.41200000000000003
37,0.33299999999999996,0.0,0.0,0.0,0.33299999999999996,13.80%,1.40%,0.96,10.10%,70.00%,55.00%,0.526,0.552,0.348,0.33899999999999997,0.64,0.48200000000000004
38,0.0,0.33299999999999996,0.0,0.0,0.33299999999999996,13.80%,1.20%,0.97,8.80%,63.80%,62.50%,0.525,0.524,0.358,0.215,0.44,0.6940000000000001
39,0.0,0.0,0.33299999999999996,0.0,0.33299999999999996,14.10%,1.40%,0.95,10.00%,66.30%,52.50%,0.542,0.57,0.33799999999999997,0.33399999999999996,0.52,0.41200000000000003
40,0.0,0.0,0.0,0.33299999999999996,0.33299999999999996,9.00%,0.00%,1.13,11.30%,58.80%,45.00%,0.295,0.281,0.525,0.45799999999999996,0.28,0.2
41,0.25,0.25,0.25,0.25,0.0,19.10%,2.40%,1.06,11.30%,70.00%,57.50%,0.78,0.753,0.457,0.457,0.64,0.5529999999999999
42,0.25,0.25,0.25,0.0,0.25,17.00%,1.90%,1.02,10.30%,71.30%,65.00%,0.679,0.665,0.415,0.363,0.68,0.765
43,0.25,0.25,0.0,0.25,0.25,15.00%,1.50%,0.98,9.30%,70.00%,61.30%,0.582,0.5820000000000001,0.365,0.263,0.64,0.659
44,0.25,0.0,0.25,0.25,0.25,15.30%,1.50%,1.08,11.10%,66.30%,53.80%,0.599,0.58,0.469,0.435,0.52,0.447
45,0.0,0.25,0.25,0.25,0.25,15.20%,1.40%,1.05,9.80%,67.50%,62.50%,0.595,0.568,0.44,0.315,0.56,0.6940000000000001
46,0.25,0.25,0.25,0.0,0.0,17.70%,2.30%,0.97,10.80%,68.80%,58.80%,0.714,0.732,0.358,0.41200000000000003,0.6,0.588
47,0.25,0.25,0.0,0.25,0.0,17.00%,2.30%,0.86,9.40%,67.50%,63.80%,0.681,0.7290000000000001,0.239,0.27,0.56,0.7290000000000001
48,0.25,0.0,0.25,0.25,0.0,15.40%,1.70%,1.04,11.70%,65.00%,51.30%,0.601,0.613,0.43200000000000005,0.49200000000000005,0.48,0.376
49,0.0,0.25,0.25,0.25,0.0,17.90%,2.20%,1,10.60%,71.30%,61.30%,0.721,0.718,0.392,0.385,0.68,0.659
50,0.25,0.25,0.0,0.0,0.25,16.30%,2.10%,0.83,8.60%,75.00%,63.80%,0.646,0.7,0.207,0.2,0.8,0.7290000000000001
51,0.25,0.0,0.25,0.0,0.25,15.30%,1.60%,1.03,10.90%,70.00%,60.00%,0.599,0.603,0.415,0.415,0.64,0.624
52,0.0,0.25,0.25,0.0,0.25,16.40%,1.90%,0.93,9.20%,70.00%,62.50%,0.649,0.665,0.312,0.258,0.64,0.6940000000000001
53,0.25,0.0,0.0,0.25,0.25,12.90%,1.20%,0.89,9.10%,67.50%,52.50%,0.482,0.528,0.275,0.24600000000000002,0.56,0.41200000000000003
54,0.0,0.25,0.0,0.25,0.25,14.00%,1.20%,1.01,9.70%,65.00%,56.30%,0.534,0.53,0.396,0.301,0.48,0.518
55,0.0,0.0,0.25,0.25,0.25,13.80%,1.30%,0.97,9.90%,67.50%,53.80%,0.525,0.544,0.359,0.321,0.56,0.447
56,0.2,0.2,0.2,0.2,0.2,17.20%,2.00%,1.01,10.20%,71.30%,60.00%,0.687,0.6729999999999999,0.402,0.34600000000000003,0.68,0.624
57,0.2,0.2,0.2,0.2,0.0,18.10%,2.30%,0.96,10.50%,67.50%,57.50%,0.73,0.7440000000000001,0.35,0.379,0.56,0.5529999999999999
58,0.2,0.2,0.2,0.0,0.2,17.10%,2.20%,0.94,10.00%,70.00%,63.80%,0.685,0.7070000000000001,0.32299999999999995,0.32899999999999996,0.64,0.7290000000000001
59,0.2,0.2,0.0,0.2,0.2,15.30%,1.80%,0.88,8.70%,72.50%,63.80%,0.596,0.632,0.26,0.204,0.72,0.7290000000000001
60,0.2,0.0,0.2,0.2,0.2,15.60%,1.80%,0.97,10.40%,66.30%,52.50%,0.613,0.631,0.36,0.369,0.52,0.41200000000000003
61,0.0,0.2,0.2,0.2,0.2,16.10%,1.80%,0.98,9.40%,68.80%,66.30%,0.636,0.634,0.36200000000000004,0.27699999999999997,0.6,0.8
62,0.16699999999999998,0.16699999999999998,0.16699999999999998,0.16699999999999998,0.16699999999999998,17.30%,2.20%,0.91,9.50%,71.30%,66.30%,0.693,0.716,0.29600000000000004,0.285,0.68,0.8
63,1.0,0.0,0.0,0.0,0.0,0.000,25.54%,2.08%,0.975575441,8.14%,80.00%,60.00%,0.625,0.7140000000000001,0.382,0.688,0.56
64,0.0,1.0,0.0,0.0,0.0,0.000,24.96%,0.40%,1.350801027,7.75%,85.00%,75.00%,0.599,0.431,0.737,0.634,0.68
65,0.0,0.0,1.0,0.0,0.0,0.000,23.12%,1.35%,1.040006305,8.78%,80.00%,40.00%,0.518,0.59,0.44299999999999995,0.777,0.56
66,0.0,0.0,0.0,1.0,0.0,0.000,20.38%,-0.26%,1.291898675,8.86%,70.00%,60.00%,0.396,0.32,0.682,0.7879999999999999,0.32
67,0.0,0.0,0.0,0.0,1.0,0.000,16.38%,-0.08%,0.97470562,4.61%,80.00%,45.00%,0.21899999999999997,0.35100000000000003,0.381,0.2,0.56
68,0.0,0.0,0.0,0.0,0.0,1.000,17.35%,-0.72%,1.227074581,8.07%,75.00%,50.00%,0.262,0.243,0.62,0.679,0.44
69,0.5,0.5,0.0,0.0,0.0,0.000,29.49%,2.46%,1.060690113,6.49%,90.00%,70.00%,0.8,0.778,0.462,0.46,0.8
70,0.5,0.0,0.5,0.0,0.0,0.000,25.59%,1.96%,1.010396834,8.34%,80.00%,50.00%,0.627,0.693,0.415,0.716,0.56
71,0.0,0.5,0.5,0.0,0.0,0.000,24.82%,1.24%,1.138027976,7.72%,75.00%,65.00%,0.593,0.5720000000000001,0.536,0.63,0.44
72,0.5,0.0,0.0,0.5,0.0,0.000,22.76%,1.89%,0.850334931,5.98%,85.00%,55.00%,0.502,0.682,0.263,0.39,0.68
73,0.0,0.5,0.0,0.5,0.0,0.000,26.13%,0.70%,1.351860421,8.49%,80.00%,70.00%,0.6509999999999999,0.48100000000000004,0.738,0.736,0.56
74,0.0,0.0,0.5,0.5,0.0,0.000,22.83%,1.71%,0.912782533,7.18%,80.00%,60.00%,0.505,0.653,0.322,0.555,0.56
75,0.5,0.0,0.0,0.0,0.5,0.000,24.39%,1.54%,1.015146796,5.73%,85.00%,70.00%,0.574,0.624,0.419,0.355,0.68
76,0.0,0.5,0.0,0.0,0.5,0.000,18.45%,-0.74%,1.264588698,6.29%,70.00%,55.00%,0.311,0.239,0.6559999999999999,0.43200000000000005,0.32
77,0.0,0.0,0.5,0.0,0.5,0.000,21.53%,1.26%,0.934076432,5.72%,85.00%,55.00%,0.447,0.5770000000000001,0.342,0.354,0.68
78,0.0,0.0,0.0,0.5,0.5,0.000,15.96%,-0.97%,1.186506383,6.20%,70.00%,45.00%,0.2,0.2,0.5820000000000001,0.42,0.32
79,0.5,0.0,0.0,0.0,0.0,0.500,23.85%,2.07%,0.878797973,7.27%,90.00%,50.00%,0.55,0.713,0.29,0.568,0.8
80,0.0,0.5,0.0,0.0,0.0,0.500,27.56%,0.73%,1.416786913,8.70%,85.00%,80.00%,0.715,0.48700000000000004,0.8,0.765,0.68
81,0.0,0.0,0.5,0.0,0.0,0.500,23.51%,1.47%,1.020052502,8.09%,80.00%,60.00%,0.535,0.611,0.424,0.6809999999999999,0.56
82,0.0,0.0,0.0,0.5,0.0,0.500,18.67%,-0.61%,1.288934605,8.95%,75.00%,55.00%,0.32,0.261,0.679,0.8,0.44
83,0.0,0.0,0.0,0.0,0.5,0.500,18.25%,-0.15%,1.100084926,5.48%,70.00%,60.00%,0.302,0.33899999999999997,0.5,0.321,0.32
84,0.33299999999999996,0.33299999999999996,0.33299999999999996,0.0,0.0,0.000,29.01%,2.27%,1.091539761,7.13%,80.00%,75.00%,0.779,0.745,0.49200000000000005,0.5489999999999999,0.56
85,0.33299999999999996,0.33299999999999996,0.0,0.33299999999999996,0.0,0.000,24.91%,1.73%,1.007484456,6.63%,80.00%,55.00%,0.597,0.6559999999999999,0.41200000000000003,0.479,0.56
86,0.33299999999999996,0.0,0.33299999999999996,0.33299999999999996,0.0,0.000,23.77%,1.71%,0.960763719,7.19%,85.00%,60.00%,0.547,0.652,0.36700000000000005,0.557,0.68
87,0.0,0.33299999999999996,0.33299999999999996,0.33299999999999996,0.0,0.000,25.81%,1.36%,1.160275552,7.77%,80.00%,65.00%,0.637,0.593,0.557,0.636,0.56
88,0.33299999999999996,0.33299999999999996,0.0,0.0,0.33299999999999996,0.000,22.07%,0.38%,1.179684242,5.96%,75.00%,60.00%,0.47100000000000003,0.42700000000000005,0.575,0.387,0.44
89,0.33299999999999996,0.0,0.33299999999999996,0.0,0.33299999999999996,0.000,25.53%,2.18%,0.924903302,6.27%,80.00%,60.00%,0.624,0.731,0.33299999999999996,0.43,0.56
90,0.0,0.33299999999999996,0.33299999999999996,0.0,0.33299999999999996,0.000,21.13%,0.25%,1.165647357,6.28%,70.00%,55.00%,0.43,0.406,0.562,0.431,0.32
91,0.33299999999999996,0.0,0.0,0.33299999999999996,0.33299999999999996,0.000,18.81%,1.00%,0.844841145,4.77%,80.00%,50.00%,0.327,0.5329999999999999,0.258,0.222,0.56
92,0.0,0.33299999999999996,0.0,0.33299999999999996,0.33299999999999996,0.000,20.61%,-0.42%,1.312164113,7.06%,70.00%,55.00%,0.406,0.293,0.701,0.539,0.32
93,0.0,0.0,0.33299999999999996,0.33299999999999996,0.33299999999999996,0.000,18.94%,1.09%,0.83478866,5.14%,80.00%,55.00%,0.332,0.547,0.248,0.27399999999999997,0.56
94,0.33299999999999996,0.33299999999999996,0.0,0.0,0.0,0.333,28.35%,2.46%,1.008456897,6.88%,80.00%,65.00%,0.75,0.778,0.413,0.514,0.56
95,0.33299999999999996,0.0,0.33299999999999996,0.0,0.0,0.333,24.73%,1.85%,0.984688012,7.87%,80.00%,55.00%,0.589,0.6759999999999999,0.39,0.65,0.56
96,0.0,0.33299999999999996,0.33299999999999996,0.0,0.0,0.333,27.56%,1.62%,1.18977821,8.09%,80.00%,60.00%,0.715,0.637,0.585,0.6809999999999999,0.56
97,0.33299999999999996,0.0,0.0,0.33299999999999996,0.0,0.333,22.04%,1.54%,0.908043903,6.89%,80.00%,65.00%,0.47,0.624,0.317,0.515,0.56
98,0.0,0.33299999999999996,0.0,0.33299999999999996,0.0,0.333,25.45%,0.70%,1.317706331,8.56%,75.00%,75.00%,0.621,0.48100000000000004,0.706,0.746,0.44
99,0.0,0.0,0.33299999999999996,0.33299999999999996,0.0,0.333,23.98%,1.50%,1.035423441,7.93%,75.00%,60.00%,0.556,0.616,0.43799999999999994,0.659,0.44
100,0.33299999999999996,0.0,0.0,0.0,0.33299999999999996,0.333,25.08%,2.02%,0.944525368,6.48%,85.00%,60.00%,0.605,0.703,0.35200000000000004,0.45899999999999996,0.68
101,0.0,0.33299999999999996,0.0,0.0,0.33299999999999996,0.333,22.41%,-0.08%,1.322436117,7.03%,70.00%,70.00%,0.486,0.35100000000000003,0.711,0.534,0.32
102,0.0,0.0,0.33299999999999996,0.0,0.33299999999999996,0.333,22.82%,1.58%,0.940287944,6.89%,80.00%,55.00%,0.504,0.629,0.348,0.515,0.56
103,0.0,0.0,0.0,0.33299999999999996,0.33299999999999996,0.333,15.95%,-0.87%,1.177865753,7.36%,65.00%,50.00%,0.2,0.218,0.573,0.58,0.2
104,0.25,0.25,0.25,0.25,0.0,0.000,26.67%,1.89%,1.067782415,7.31%,75.00%,65.00%,0.675,0.682,0.469,0.573,0.44
105,0.25,0.25,0.25,0.0,0.25,0.000,25.00%,1.31%,1.105712056,6.13%,85.00%,65.00%,0.601,0.585,0.505,0.41100000000000003,0.68
106,0.25,0.25,0.0,0.25,0.25,0.000,20.38%,0.34%,1.099080976,5.81%,70.00%,60.00%,0.396,0.42100000000000004,0.499,0.366,0.32
107,0.25,0.0,0.25,0.25,0.25,0.000,22.40%,1.87%,0.831234363,5.41%,80.00%,60.00%,0.486,0.6779999999999999,0.245,0.311,0.56
108,0.0,0.25,0.25,0.25,0.25,0.000,20.79%,0.34%,1.126194056,6.31%,80.00%,70.00%,0.414,0.42200000000000004,0.524,0.435,0.56
109,0.25,0.25,0.25,0.0,0.0,0.250,28.35%,2.35%,1.045163092,7.59%,80.00%,55.00%,0.7490000000000001,0.759,0.44799999999999995,0.612,0.56
110,0.25,0.25,0.0,0.25,0.0,0.250,26.07%,2.17%,0.964960025,6.86%,80.00%,65.00%,0.649,0.7290000000000001,0.371,0.511,0.56
111,0.25,0.0,0.25,0.25,0.0,0.250,23.69%,1.98%,0.898630752,7.56%,80.00%,65.00%,0.5429999999999999,0.6970000000000001,0.309,0.607,0.56
112,0.0,0.25,0.25,0.25,0.0,0.250,27.88%,2.02%,1.10937736,7.96%,85.00%,70.00%,0.7290000000000001,0.7040000000000001,0.508,0.6629999999999999,0.68
113,0.25,0.25,0.0,0.0,0.25,0.250,26.05%,1.76%,1.048478133,5.79%,90.00%,75.00%,0.648,0.66,0.451,0.364,0.8
114,0.25,0.0,0.25,0.0,0.25,0.250,26.10%,2.26%,0.940957638,6.74%,85.00%,65.00%,0.65,0.7440000000000001,0.349,0.495,0.68
115,0.0,0.25,0.25,0.0,0.25,0.250,24.83%,0.98%,1.191600371,7.08%,80.00%,60.00%,0.593,0.528,0.586,0.542,0.56
116,0.25,0.0,0.0,0.25,0.25,0.250,19.38%,1.39%,0.784163442,5.00%,80.00%,55.00%,0.35200000000000004,0.598,0.2,0.255,0.56
117,0.0,0.25,0.0,0.25,0.25,0.250,22.37%,0.00%,1.314775803,7.73%,75.00%,70.00%,0.484,0.363,0.703,0.631,0.44
118,0.0,0.0,0.25,0.25,0.25,0.250,20.58%,1.24%,0.899535387,6.50%,80.00%,50.00%,0.405,0.573,0.309,0.461,0.56
119,0.2,0.2,0.2,0.2,0.2,0.000,23.24%,1.40%,0.991586188,5.78%,80.00%,65.00%,0.523,0.6,0.397,0.36200000000000004,0.56
120,0.2,0.2,0.2,0.2,0.0,0.200,27.36%,2.59%,0.9339347,7.34%,80.00%,60.00%,0.705,0.8,0.342,0.5770000000000001,0.56
121,0.2,0.2,0.2,0.0,0.2,0.200,27.65%,2.05%,1.069434419,6.60%,80.00%,65.00%,0.7190000000000001,0.708,0.47100000000000003,0.475,0.56
122,0.2,0.2,0.0,0.2,0.2,0.200,23.07%,1.16%,1.043684198,6.05%,80.00%,70.00%,0.516,0.56,0.446,0.39899999999999997,0.56
123,0.2,0.0,0.2,0.2,0.2,0.200,23.47%,2.29%,0.794886766,6.29%,80.00%,55.00%,0.5329999999999999,0.7490000000000001,0.21,0.43200000000000005,0.56
124,0.0,0.2,0.2,0.2,0.2,0.200,24.29%,1.13%,1.125114122,6.77%,80.00%,80.00%,0.57,0.5529999999999999,0.523,0.498,0.56
125,0.16699999999999998,0.16699999999999998,0.16699999999999998,0.16699999999999998,0.16699999999999998,0.167,24.16%,1.82%,0.941707524,6.07%,80.00%,70.00%,0.564,0.67,0.349,0.40299999999999997,0.56
126,1.0,0.0,0.0,0.0,0.0,0.000,7.70%,-1.59%,0.736939118,9.59%,60.00%,30.00%,0.228,0.508,0.244,0.317,0.371
127,0.0,1.0,0.0,0.0,0.0,0.000,16.75%,-1.74%,1.169840693,10.30%,70.00%,40.00%,0.589,0.48200000000000004,0.5870000000000001,0.36700000000000005,0.5429999999999999
128,0.0,0.0,1.0,0.0,0.0,0.000,9.76%,-2.60%,1.049221017,11.13%,55.00%,30.00%,0.31,0.325,0.49200000000000005,0.426,0.28600000000000003
129,0.0,0.0,0.0,1.0,0.0,0.000,20.34%,-1.68%,1.438915867,16.43%,70.00%,40.00%,0.733,0.491,0.8,0.8,0.5429999999999999
130,0.0,0.0,0.0,0.0,1.0,0.000,17.85%,-0.89%,1.016982577,7.94%,85.00%,25.00%,0.633,0.635,0.466,0.2,0.8
131,0.0,0.0,0.0,0.0,0.0,1.000,8.36%,-3.28%,1.108073232,10.67%,55.00%,40.00%,0.254,0.2,0.5379999999999999,0.39299999999999996,0.28600000000000003
132,0.5,0.5,0.0,0.0,0.0,0.000,14.39%,-0.18%,0.754226232,9.13%,70.00%,35.00%,0.495,0.765,0.258,0.284,0.5429999999999999
133,0.5,0.0,0.5,0.0,0.0,0.000,8.65%,-2.45%,0.971649448,11.16%,55.00%,30.00%,0.266,0.35100000000000003,0.43,0.428,0.28600000000000003
134,0.0,0.5,0.5,0.0,0.0,0.000,14.22%,-1.54%,1.021586639,10.09%,60.00%,40.00%,0.488,0.517,0.47,0.35200000000000004,0.371
135,0.5,0.0,0.0,0.5,0.0,0.000,11.22%,-0.53%,0.680928616,8.78%,65.00%,40.00%,0.368,0.7,0.2,0.26,0.457
136,0.0,0.5,0.0,0.5,0.0,0.000,22.03%,-0.99%,1.294860056,12.81%,65.00%,40.00%,0.8,0.618,0.6859999999999999,0.544,0.457
137,0.0,0.0,0.5,0.5,0.0,0.000,11.82%,-2.19%,1.054915615,10.72%,65.00%,25.00%,0.392,0.39899999999999997,0.496,0.397,0.457
138,0.5,0.0,0.0,0.0,0.5,0.000,12.10%,-0.71%,0.739862525,8.05%,70.00%,25.00%,0.40299999999999997,0.669,0.247,0.20800000000000002,0.5429999999999999
139,0.0,0.5,0.0,0.0,0.5,0.000,18.26%,-1.17%,1.102439249,8.95%,65.00%,45.00%,0.649,0.584,0.534,0.272,0.457
140,0.0,0.0,0.5,0.0,0.5,0.000,13.72%,-1.44%,0.964126018,9.05%,65.00%,30.00%,0.46799999999999997,0.535,0.424,0.278,0.457
141,0.0,0.0,0.0,0.5,0.5,0.000,18.55%,-1.47%,1.21266136,11.43%,75.00%,25.00%,0.6609999999999999,0.529,0.621,0.447,0.629
142,0.5,0.0,0.0,0.0,0.0,0.500,7.01%,-1.83%,0.74633,9.37%,55.00%,30.00%,0.2,0.465,0.252,0.301,0.28600000000000003
143,0.0,0.5,0.0,0.0,0.0,0.500,15.30%,-1.47%,1.062628689,10.48%,60.00%,40.00%,0.531,0.529,0.502,0.38,0.371
144,0.0,0.0,0.5,0.0,0.0,0.500,8.86%,-2.63%,1.012740704,10.93%,55.00%,30.00%,0.27399999999999997,0.319,0.46299999999999997,0.41200000000000003,0.28600000000000003
145,0.0,0.0,0.0,0.5,0.0,0.500,15.47%,-1.62%,1.181985597,14.43%,60.00%,40.00%,0.5379999999999999,0.503,0.597,0.659,0.371
146,0.0,0.0,0.0,0.0,0.5,0.500,13.27%,-2.04%,1.056644306,8.96%,65.00%,30.00%,0.45,0.426,0.49700000000000005,0.272,0.457
147,0.33299999999999996,0.33299999999999996,0.33299999999999996,0.0,0.0,0.000,11.77%,-1.33%,0.878020616,10.22%,60.00%,35.00%,0.39,0.556,0.35600000000000004,0.361,0.371
148,0.33299999999999996,0.33299999999999996,0.0,0.33299999999999996,0.0,0.000,16.66%,-0.32%,0.891597204,9.91%,65.00%,35.00%,0.586,0.74,0.36700000000000005,0.33899999999999997,0.457
149,0.33299999999999996,0.0,0.33299999999999996,0.33299999999999996,0.0,0.000,10.90%,-1.32%,0.833827479,9.94%,65.00%,25.00%,0.355,0.557,0.321,0.341,0.457
150,0.0,0.33299999999999996,0.33299999999999996,0.33299999999999996,0.0,0.000,17.45%,-0.91%,1.049338353,10.59%,65.00%,35.00%,0.617,0.632,0.49200000000000005,0.387,0.457
151,0.33299999999999996,0.33299999999999996,0.0,0.0,0.33299999999999996,0.000,13.65%,-0.79%,0.824096842,8.16%,70.00%,35.00%,0.465,0.654,0.313,0.21600000000000003,0.5429999999999999
152,0.33299999999999996,0.0,0.33299999999999996,0.0,0.33299999999999996,0.000,11.75%,-1.67%,0.93617761,9.86%,65.00%,25.00%,0.389,0.493,0.402,0.336,0.457
153,0.0,0.33299999999999996,0.33299999999999996,0.0,0.33299999999999996,0.000,14.12%,-1.72%,1.037998429,9.31%,65.00%,30.00%,0.484,0.484,0.483,0.297,0.457
154,0.33299999999999996,0.0,0.0,0.33299999999999996,0.33299999999999996,0.000,12.30%,-0.70%,0.746758539,8.00%,70.00%,30.00%,0.41200000000000003,0.67,0.252,0.205,0.5429999999999999
155,0.0,0.33299999999999996,0.0,0.33299999999999996,0.33299999999999996,0.000,20.28%,-1.30%,1.244838663,11.00%,75.00%,40.00%,0.73,0.561,0.6459999999999999,0.41700000000000004,0.629
156,0.0,0.0,0.33299999999999996,0.33299999999999996,0.33299999999999996,0.000,12.18%,-1.84%,0.973875915,8.96%,60.00%,30.00%,0.40700000000000003,0.462,0.43200000000000005,0.272,0.371
157,0.33299999999999996,0.33299999999999996,0.0,0.0,0.0,0.333,12.16%,-0.80%,0.784396339,9.56%,70.00%,35.00%,0.406,0.6509999999999999,0.282,0.314,0.5429999999999999
158,0.33299999999999996,0.0,0.33299999999999996,0.0,0.0,0.333,7.10%,-2.55%,0.913372244,10.77%,50.00%,35.00%,0.204,0.33399999999999996,0.384,0.4,0.2
159,0.0,0.33299999999999996,0.33299999999999996,0.0,0.0,0.333,14.94%,-1.42%,1.041908291,10.69%,60.00%,40.00%,0.517,0.539,0.486,0.395,0.371
160,0.33299999999999996,0.0,0.0,0.33299999999999996,0.0,0.333,11.51%,-0.96%,0.780742222,9.24%,60.00%,35.00%,0.38,0.623,0.27899999999999997,0.292,0.371
161,0.0,0.33299999999999996,0.0,0.33299999999999996,0.0,0.333,19.47%,-0.81%,1.133422425,11.60%,65.00%,40.00%,0.698,0.65,0.5579999999999999,0.45899999999999996,0.457
162,0.0,0.0,0.33299999999999996,0.33299999999999996,0.0,0.333,14.04%,-1.57%,1.038658088,11.00%,60.00%,35.00%,0.48100000000000004,0.512,0.483,0.41700000000000004,0.371
163,0.33299999999999996,0.0,0.0,0.0,0.33299999999999996,0.333,9.95%,-1.08%,0.725620036,8.68%,65.00%,30.00%,0.317,0.6,0.235,0.252,0.457
164,0.0,0.33299999999999996,0.0,0.0,0.33299999999999996,0.333,17.67%,-1.54%,1.159665148,9.71%,65.00%,50.00%,0.626,0.517,0.579,0.326,0.457
165,0.0,0.0,0.33299999999999996,0.0,0.33299999999999996,0.333,10.75%,-2.32%,1.023532221,10.26%,60.00%,30.00%,0.35,0.375,0.47100000000000003,0.364,0.371
166,0.0,0.0,0.0,0.33299999999999996,0.33299999999999996,0.333,19.03%,-1.78%,1.332600048,13.56%,60.00%,35.00%,0.68,0.473,0.716,0.598,0.371
167,0.25,0.25,0.25,0.25,0.0,0.000,13.70%,-1.03%,0.900159241,9.88%,65.00%,30.00%,0.467,0.61,0.374,0.337,0.457
168,0.25,0.25,0.25,0.0,0.25,0.000,12.80%,-1.16%,0.874285704,9.20%,65.00%,35.00%,0.43200000000000005,0.586,0.353,0.29,0.457
169,0.25,0.25,0.0,0.25,0.25,0.000,17.23%,-0.59%,0.952110264,9.05%,70.00%,35.00%,0.608,0.69,0.415,0.278,0.5429999999999999
170,0.25,0.0,0.25,0.25,0.25,0.000,10.14%,-1.54%,0.821744322,8.64%,60.00%,25.00%,0.325,0.517,0.311,0.249,0.371
171,0.0,0.25,0.25,0.25,0.25,0.000,17.78%,-1.43%,1.149134885,10.02%,60.00%,40.00%,0.63,0.5379999999999999,0.5710000000000001,0.34700000000000003,0.371
172,0.25,0.25,0.25,0.0,0.0,0.250,11.99%,-1.28%,0.886308615,10.61%,60.00%,35.00%,0.39899999999999997,0.564,0.363,0.389,0.371
173,0.25,0.25,0.0,0.25,0.0,0.250,16.21%,0.02%,0.801211447,9.42%,65.00%,45.00%,0.568,0.8,0.295,0.305,0.457
174,0.25,0.0,0.25,0.25,0.0,0.250,10.36%,-1.66%,0.885673562,10.58%,50.00%,25.00%,0.33399999999999996,0.496,0.36200000000000004,0.387,0.2
175,0.0,0.25,0.25,0.25,0.0,0.250,15.67%,-1.20%,1.032812169,10.67%,65.00%,35.00%,0.546,0.578,0.479,0.39299999999999996,0.457
176,0.25,0.25,0.0,0.0,0.25,0.250,13.89%,-0.70%,0.836850998,9.44%,75.00%,40.00%,0.475,0.67,0.32299999999999995,0.306,0.629
177,0.25,0.0,0.25,0.0,0.25,0.250,10.03%,-1.96%,0.9197821,10.15%,65.00%,35.00%,0.321,0.442,0.389,0.35600000000000004,0.457
178,0.0,0.25,0.25,0.0,0.25,0.250,14.98%,-1.36%,1.014202854,9.70%,65.00%,45.00%,0.518,0.55,0.46399999999999997,0.325,0.457
179,0.25,0.0,0.0,0.25,0.25,0.250,13.06%,-0.79%,0.804670862,8.54%,65.00%,20.00%,0.442,0.653,0.298,0.242,0.457
180,0.0,0.25,0.0,0.25,0.25,0.250,21.92%,-0.51%,1.163657777,11.04%,65.00%,40.00%,0.7959999999999999,0.7040000000000001,0.5820000000000001,0.419,0.457
181,0.0,0.0,0.25,0.25,0.25,0.250,12.48%,-1.66%,0.962747538,9.55%,65.00%,35.00%,0.419,0.495,0.423,0.314,0.457
182,0.2,0.2,0.2,0.2,0.2,0.000,13.87%,-1.06%,0.902265557,9.29%,70.00%,30.00%,0.474,0.604,0.375,0.29600000000000004,0.5429999999999999
183,0.2,0.2,0.2,0.2,0.0,0.200,14.11%,-0.90%,0.895338519,10.04%,60.00%,30.00%,0.484,0.634,0.37,0.348,0.371
184,0.2,0.2,0.2,0.0,0.2,0.200,11.64%,-1.55%,0.912706224,10.11%,70.00%,40.00%,0.385,0.516,0.38299999999999995,0.354,0.5429999999999999
185,0.2,0.2,0.0,0.2,0.2,0.200,16.06%,-0.72%,0.930771321,9.20%,70.00%,40.00%,0.562,0.6659999999999999,0.39799999999999996,0.289,0.5429999999999999
186,0.2,0.0,0.2,0.2,0.2,0.200,11.47%,-1.31%,0.853121554,9.71%,55.00%,30.00%,0.37799999999999995,0.5579999999999999,0.336,0.325,0.28600000000000003
187,0.0,0.2,0.2,0.2,0.2,0.200,17.03%,-1.30%,1.096426076,10.05%,65.00%,30.00%,0.6,0.561,0.529,0.349,0.457
188,0.16699999999999998,0.16699999999999998,0.16699999999999998,0.16699999999999998,0.16699999999999998,0.167,13.73%,-1.11%,0.910100801,9.50%,70.00%,35.00%,0.469,0.595,0.381,0.311,0.5429999999999999
189,1.0,0.0,0.0,0.0,0.0,0.000,22.18%,6.29%,1.580440404,16.44%,65.00%,80.00%,0.647,0.688,0.8,0.8,0.457
190,0.0,1.0,0.0,0.0,0.0,0.000,14.24%,3.99%,1.207561149,12.08%,55.00%,80.00%,0.49200000000000005,0.495,0.488,0.461,0.28600000000000003
191,0.0,0.0,1.0,0.0,0.0,0.000,29.57%,7.62%,1.31686207,14.78%,65.00%,85.00%,0.7909999999999999,0.8,0.58,0.6709999999999999,0.457
192,0.0,0.0,0.0,1.0,0.0,0.000,0.21%,1.25%,1.43796368,15.97%,50.00%,55.00%,0.218,0.264,0.6809999999999999,0.764,0.2
193,0.0,0.0,0.0,0.0,1.0,0.000,3.05%,1.23%,1.109287342,10.45%,60.00%,75.00%,0.27399999999999997,0.263,0.406,0.33299999999999996,0.371
194,0.0,0.0,0.0,0.0,0.0,1.000,8.83%,3.14%,1.47953853,15.19%,55.00%,65.00%,0.387,0.423,0.716,0.703,0.28600000000000003
195,0.5,0.5,0.0,0.0,0.0,0.000,29.75%,7.16%,0.902055261,10.25%,80.00%,85.00%,0.795,0.762,0.233,0.318,0.7140000000000001
196,0.5,0.0,0.5,0.0,0.0,0.000,26.86%,7.14%,1.368879796,15.28%,65.00%,75.00%,0.738,0.76,0.623,0.71,0.457
197,0.0,0.5,0.5,0.0,0.0,0.000,28.23%,6.96%,1.049271384,11.51%,80.00%,85.00%,0.765,0.745,0.35600000000000004,0.41600000000000004,0.7140000000000001
198,0.5,0.0,0.0,0.5,0.0,0.000,20.03%,5.33%,1.108715491,12.28%,75.00%,70.00%,0.605,0.608,0.406,0.47600000000000003,0.629
199,0.0,0.5,0.0,0.5,0.0,0.000,11.94%,3.40%,1.058055685,11.20%,60.00%,80.00%,0.447,0.445,0.364,0.392,0.371
200,0.0,0.0,0.5,0.5,0.0,0.000,24.25%,6.39%,1.189589303,13.51%,70.00%,85.00%,0.688,0.6970000000000001,0.473,0.5720000000000001,0.5429999999999999
201,0.5,0.0,0.0,0.0,0.5,0.000,18.15%,4.92%,1.218340366,12.35%,70.00%,85.00%,0.568,0.573,0.49700000000000005,0.48200000000000004,0.5429999999999999
202,0.0,0.5,0.0,0.0,0.5,0.000,8.65%,2.42%,0.916896279,8.74%,60.00%,90.00%,0.38299999999999995,0.36200000000000004,0.24600000000000002,0.2,0.371
203,0.0,0.0,0.5,0.0,0.5,0.000,19.54%,5.09%,1.028517198,10.98%,75.00%,90.00%,0.596,0.5870000000000001,0.33899999999999997,0.375,0.629
204,0.0,0.0,0.0,0.5,0.5,0.000,-0.72%,0.49%,1.14195656,11.95%,55.00%,70.00%,0.2,0.2,0.434,0.45,0.28600000000000003
205,0.5,0.0,0.0,0.0,0.0,0.500,20.64%,5.71%,1.364708915,14.57%,65.00%,75.00%,0.617,0.64,0.62,0.654,0.457
206,0.0,0.5,0.0,0.0,0.0,0.500,20.03%,5.27%,1.104658954,12.00%,65.00%,80.00%,0.605,0.602,0.40299999999999997,0.45399999999999996,0.457
207,0.0,0.0,0.5,0.0,0.0,0.500,22.92%,6.23%,1.286115366,14.60%,65.00%,70.00%,0.662,0.6829999999999999,0.5539999999999999,0.657,0.457
208,0.0,0.0,0.0,0.5,0.0,0.500,7.15%,2.66%,1.274209975,14.37%,55.00%,50.00%,0.354,0.38299999999999995,0.544,0.639,0.28600000000000003
209,0.0,0.0,0.0,0.0,0.5,0.500,5.61%,2.07%,1.311969998,12.64%,60.00%,65.00%,0.324,0.33299999999999996,0.5760000000000001,0.504,0.371
210,0.33299999999999996,0.33299999999999996,0.33299999999999996,0.0,0.0,0.000,30.01%,7.40%,1.067217706,12.06%,85.00%,85.00%,0.8,0.7809999999999999,0.371,0.45899999999999996,0.8
211,0.33299999999999996,0.33299999999999996,0.0,0.33299999999999996,0.0,0.000,26.16%,6.37%,0.862257182,9.71%,85.00%,90.00%,0.725,0.695,0.2,0.276,0.8
212,0.33299999999999996,0.0,0.33299999999999996,0.33299999999999996,0.0,0.000,25.29%,6.52%,1.146211409,12.87%,75.00%,70.00%,0.708,0.708,0.43700000000000006,0.522,0.629
213,0.0,0.33299999999999996,0.33299999999999996,0.33299999999999996,0.0,0.000,23.14%,5.88%,1.025226941,11.28%,80.00%,80.00%,0.6659999999999999,0.654,0.336,0.39799999999999996,0.7140000000000001
214,0.33299999999999996,0.33299999999999996,0.0,0.0,0.33299999999999996,0.000,19.41%,4.90%,0.865789537,9.29%,80.00%,85.00%,0.593,0.5710000000000001,0.203,0.243,0.7140000000000001
215,0.33299999999999996,0.0,0.33299999999999996,0.0,0.33299999999999996,0.000,24.11%,6.29%,1.222054614,13.07%,70.00%,90.00%,0.685,0.688,0.501,0.5379999999999999,0.5429999999999999
216,0.0,0.33299999999999996,0.33299999999999996,0.0,0.33299999999999996,0.000,19.00%,4.81%,0.889621834,9.33%,80.00%,90.00%,0.585,0.564,0.223,0.24600000000000002,0.7140000000000001
217,0.33299999999999996,0.0,0.0,0.33299999999999996,0.33299999999999996,0.000,15.17%,4.05%,1.026235925,10.34%,65.00%,80.00%,0.51,0.5,0.337,0.325,0.457
218,0.0,0.33299999999999996,0.0,0.33299999999999996,0.33299999999999996,0.000,5.69%,1.78%,0.950059735,9.44%,60.00%,80.00%,0.325,0.308,0.273,0.255,0.371
219,0.0,0.0,0.33299999999999996,0.33299999999999996,0.33299999999999996,0.000,16.55%,4.39%,1.032675454,10.64%,70.00%,90.00%,0.537,0.529,0.342,0.348,0.5429999999999999
220,0.33299999999999996,0.33299999999999996,0.0,0.0,0.0,0.333,27.94%,6.82%,0.894291582,10.60%,80.00%,80.00%,0.76,0.733,0.22699999999999998,0.345,0.7140000000000001
221,0.33299999999999996,0.0,0.33299999999999996,0.0,0.0,0.333,24.29%,6.52%,1.312975627,14.66%,65.00%,70.00%,0.688,0.708,0.5770000000000001,0.6609999999999999,0.457
222,0.0,0.33299999999999996,0.33299999999999996,0.0,0.0,0.333,28.80%,7.18%,1.097912372,12.45%,75.00%,80.00%,0.7759999999999999,0.763,0.397,0.489,0.629
223,0.33299999999999996,0.0,0.0,0.33299999999999996,0.0,0.333,15.93%,4.39%,1.048151405,11.92%,70.00%,65.00%,0.525,0.528,0.355,0.44799999999999995,0.5429999999999999
224,0.0,0.33299999999999996,0.0,0.33299999999999996,0.0,0.333,16.64%,4.43%,0.961474065,10.97%,65.00%,75.00%,0.539,0.532,0.28300000000000003,0.374,0.457
225,0.0,0.0,0.33299999999999996,0.33299999999999996,0.0,0.333,21.28%,5.78%,1.201182703,13.78%,70.00%,70.00%,0.63,0.645,0.483,0.593,0.5429999999999999
226,0.33299999999999996,0.0,0.0,0.0,0.33299999999999996,0.333,19.84%,5.50%,1.379686261,14.15%,70.00%,80.00%,0.602,0.622,0.632,0.622,0.5429999999999999
227,0.0,0.33299999999999996,0.0,0.0,0.33299999999999996,0.333,13.61%,3.63%,0.990142127,9.71%,55.00%,85.00%,0.48,0.46399999999999997,0.307,0.275,0.28600000000000003
228,0.0,0.0,0.33299999999999996,0.0,0.33299999999999996,0.333,22.65%,5.96%,1.183996182,12.94%,70.00%,75.00%,0.6559999999999999,0.6609999999999999,0.469,0.528,0.5429999999999999
229,0.0,0.0,0.0,0.33299999999999996,0.33299999999999996,0.333,1.16%,1.20%,1.30918773,14.06%,50.00%,50.00%,0.237,0.26,0.573,0.615,0.2
230,0.25,0.25,0.25,0.25,0.0,0.000,27.50%,6.84%,1.028028719,11.64%,85.00%,85.00%,0.7509999999999999,0.735,0.33799999999999997,0.426,0.8
231,0.25,0.25,0.25,0.0,0.25,0.000,25.62%,6.39%,1.028468687,11.08%,80.00%,90.00%,0.7140000000000001,0.6970000000000001,0.33899999999999997,0.38299999999999995,0.7140000000000001
232,0.25,0.25,0.0,0.25,0.25,0.000,16.35%,4.21%,0.887199273,9.12%,75.00%,85.00%,0.5329999999999999,0.513,0.221,0.23,0.629
233,0.25,0.0,0.25,0.25,0.25,0.000,23.07%,5.92%,1.081466774,11.58%,70.00%,85.00%,0.665,0.657,0.38299999999999995,0.42100000000000004,0.5429999999999999
234,0.0,0.25,0.25,0.25,0.25,0.000,16.12%,4.18%,0.915069482,9.40%,70.00%,85.00%,0.529,0.51,0.244,0.252,0.5429999999999999
235,0.25,0.25,0.25,0.0,0.0,0.250,28.09%,7.06%,1.08141567,12.64%,75.00%,85.00%,0.763,0.753,0.38299999999999995,0.504,0.629
236,0.25,0.25,0.0,0.25,0.0,0.250,23.88%,5.95%,0.885613987,10.41%,70.00%,85.00%,0.68,0.66,0.22,0.33,0.5429999999999999
237,0.25,0.0,0.25,0.25,0.0,0.250,24.33%,6.42%,1.175134061,13.79%,70.00%,65.00%,0.6890000000000001,0.7,0.461,0.593,0.5429999999999999
238,0.0,0.25,0.25,0.25,0.0,0.250,24.13%,6.21%,1.08849983,12.40%,75.00%,80.00%,0.685,0.682,0.389,0.486,0.629
239,0.25,0.25,0.0,0.0,0.25,0.250,24.44%,6.03%,0.90855888,9.91%,80.00%,85.00%,0.691,0.6659999999999999,0.239,0.29100000000000004,0.7140000000000001
240,0.25,0.0,0.25,0.0,0.25,0.250,24.92%,6.56%,1.301454076,14.00%,70.00%,80.00%,0.701,0.711,0.5670000000000001,0.61,0.5429999999999999
241,0.0,0.25,0.25,0.0,0.25,0.250,23.17%,5.84%,1.013683709,10.81%,80.00%,80.00%,0.6659999999999999,0.65,0.327,0.361,0.7140000000000001
242,0.25,0.0,0.0,0.25,0.25,0.250,16.67%,4.54%,1.068510094,11.76%,70.00%,70.00%,0.54,0.541,0.37200000000000005,0.435,0.5429999999999999
243,0.0,0.25,0.0,0.25,0.25,0.250,10.98%,3.10%,1.013628531,10.42%,55.00%,75.00%,0.429,0.419,0.326,0.331,0.28600000000000003
244,0.0,0.0,0.25,0.25,0.25,0.250,19.19%,5.17%,1.133501548,12.41%,65.00%,75.00%,0.589,0.594,0.42700000000000005,0.486,0.457
245,0.2,0.2,0.2,0.2,0.2,0.000,24.23%,6.03%,0.975507153,10.42%,80.00%,85.00%,0.687,0.667,0.295,0.331,0.7140000000000001
246,0.2,0.2,0.2,0.2,0.0,0.200,26.76%,6.74%,1.019172581,12.09%,75.00%,85.00%,0.736,0.726,0.331,0.461,0.629
247,0.2,0.2,0.2,0.0,0.2,0.200,27.64%,6.91%,1.080582883,12.03%,75.00%,85.00%,0.754,0.741,0.382,0.456,0.629
248,0.2,0.2,0.0,0.2,0.2,0.200,19.50%,4.96%,0.908428926,9.80%,80.00%,85.00%,0.595,0.5760000000000001,0.239,0.282,0.7140000000000001
249,0.2,0.0,0.2,0.2,0.2,0.200,24.20%,6.28%,1.149729879,12.73%,75.00%,75.00%,0.687,0.687,0.44,0.511,0.629
250,0.0,0.2,0.2,0.2,0.2,0.200,20.01%,5.13%,0.997655949,10.54%,70.00%,90.00%,0.605,0.591,0.313,0.341,0.5429999999999999
251,0.16699999999999998,0.16699999999999998,0.16699999999999998,0.16699999999999998,0.16699999999999998,0.167,26.69%,6.63%,0.998147585,11.20%,80.00%,85.00%,0.735,0.7170000000000001,0.314,0.392,0.7140000000000001
252,1.0,0.0,0.0,0.0,0.0,0.000,1.95%,1.34%,1.902607858,21.86%,60.00%,40.00%,0.488,0.609,0.7809999999999999,0.8,0.68
253,0.0,1.0,0.0,0.0,0.0,0.000,2.38%,0.64%,1.26328667,12.87%,55.00%,65.00%,0.505,0.508,0.444,0.414,0.56
254,0.0,0.0,1.0,0.0,0.0,0.000,8.03%,2.65%,1.894339115,20.83%,55.00%,50.00%,0.728,0.8,0.7759999999999999,0.7559999999999999,0.56
255,0.0,0.0,0.0,1.0,0.0,0.000,-0.67%,0.07%,1.425453672,15.55%,55.00%,35.00%,0.385,0.426,0.529,0.529,0.56
256,0.0,0.0,0.0,0.0,1.0,0.000,2.20%,0.44%,1.094578724,10.67%,65.00%,70.00%,0.498,0.479,0.355,0.32,0.8
257,0.0,0.0,0.0,0.0,0.0,1.000,-5.34%,-1.49%,0.859994814,8.89%,40.00%,30.00%,0.2,0.2,0.231,0.243,0.2
258,0.5,0.5,0.0,0.0,0.0,0.000,6.19%,1.63%,1.392192441,14.41%,55.00%,65.00%,0.6559999999999999,0.652,0.512,0.48,0.56
259,0.5,0.0,0.5,0.0,0.0,0.000,6.17%,2.34%,1.939118385,21.82%,60.00%,50.00%,0.655,0.754,0.8,0.7979999999999999,0.68
260,0.0,0.5,0.5,0.0,0.0,0.000,7.82%,1.97%,1.354461574,13.77%,55.00%,70.00%,0.72,0.7,0.49200000000000005,0.45299999999999996,0.56
261,0.5,0.0,0.0,0.5,0.0,0.000,6.85%,1.90%,1.524957345,16.28%,55.00%,40.00%,0.682,0.691,0.5820000000000001,0.561,0.56
262,0.0,0.5,0.0,0.5,0.0,0.000,4.73%,1.23%,1.247375502,13.18%,65.00%,65.00%,0.598,0.594,0.435,0.42700000000000005,0.8
263,0.0,0.0,0.5,0.5,0.0,0.000,9.84%,2.64%,1.591408676,16.61%,60.00%,55.00%,0.8,0.797,0.617,0.575,0.68
264,0.5,0.0,0.0,0.0,0.5,0.000,2.56%,0.74%,1.420759482,14.60%,55.00%,50.00%,0.512,0.522,0.527,0.488,0.56
265,0.0,0.5,0.0,0.0,0.5,0.000,4.60%,1.07%,1.091537185,10.99%,65.00%,75.00%,0.593,0.5710000000000001,0.353,0.33299999999999996,0.8
266,0.0,0.0,0.5,0.0,0.5,0.000,4.17%,1.10%,1.419546406,14.24%,55.00%,50.00%,0.5760000000000001,0.575,0.526,0.473,0.56
267,0.0,0.0,0.0,0.5,0.5,0.000,3.57%,0.95%,1.203244498,12.94%,65.00%,60.00%,0.552,0.5529999999999999,0.41200000000000003,0.41700000000000004,0.8
268,0.5,0.0,0.0,0.0,0.0,0.500,-2.34%,-0.62%,0.977324784,10.69%,65.00%,45.00%,0.318,0.326,0.293,0.321,0.8
269,0.0,0.5,0.0,0.0,0.0,0.500,0.62%,0.02%,0.86412172,8.73%,60.00%,50.00%,0.436,0.41700000000000004,0.233,0.23600000000000002,0.68
270,0.0,0.0,0.5,0.0,0.0,0.500,1.53%,0.33%,1.066938445,10.90%,55.00%,60.00%,0.47200000000000003,0.46299999999999997,0.34,0.33,0.56
271,0.0,0.0,0.0,0.5,0.0,0.500,0.11%,-0.06%,1.007703752,10.34%,55.00%,50.00%,0.415,0.406,0.309,0.305,0.56
272,0.0,0.0,0.0,0.0,0.5,0.500,1.00%,0.07%,0.800792483,7.88%,55.00%,45.00%,0.451,0.426,0.2,0.2,0.56
273,0.33299999999999996,0.33299999999999996,0.33299999999999996,0.0,0.0,0.000,7.80%,2.13%,1.509222791,15.80%,55.00%,65.00%,0.72,0.7240000000000001,0.573,0.54,0.56
274,0.33299999999999996,0.33299999999999996,0.0,0.33299999999999996,0.0,0.000,6.43%,1.61%,1.347686367,13.80%,60.00%,50.00%,0.665,0.649,0.488,0.45399999999999996,0.68
275,0.33299999999999996,0.0,0.33299999999999996,0.33299999999999996,0.0,0.000,6.83%,2.02%,1.674320028,17.71%,55.00%,40.00%,0.6809999999999999,0.708,0.66,0.622,0.56
276,0.0,0.33299999999999996,0.33299999999999996,0.33299999999999996,0.0,0.000,8.05%,2.00%,1.331837873,13.57%,55.00%,65.00%,0.7290000000000001,0.706,0.48,0.444,0.56
277,0.33299999999999996,0.33299999999999996,0.0,0.0,0.33299999999999996,0.000,4.53%,1.09%,1.256505421,12.43%,60.00%,70.00%,0.59,0.573,0.44,0.395,0.68
278,0.33299999999999996,0.0,0.33299999999999996,0.0,0.33299999999999996,0.000,6.73%,1.97%,1.614018023,17.39%,55.00%,60.00%,0.677,0.7,0.629,0.608,0.56
279,0.0,0.33299999999999996,0.33299999999999996,0.0,0.33299999999999996,0.000,5.02%,1.18%,1.210946554,11.96%,55.00%,65.00%,0.609,0.5870000000000001,0.41600000000000004,0.375,0.56
280,0.33299999999999996,0.0,0.0,0.33299999999999996,0.33299999999999996,0.000,5.02%,1.26%,1.340314875,13.66%,60.00%,55.00%,0.609,0.598,0.484,0.44799999999999995,0.68
281,0.0,0.33299999999999996,0.0,0.33299999999999996,0.33299999999999996,0.000,4.26%,1.07%,1.159335809,12.22%,65.00%,60.00%,0.58,0.57,0.389,0.386,0.8
282,0.0,0.0,0.33299999999999996,0.33299999999999996,0.33299999999999996,0.000,7.89%,1.98%,1.374120287,14.05%,60.00%,65.00%,0.723,0.7020000000000001,0.502,0.465,0.68
283,0.33299999999999996,0.33299999999999996,0.0,0.0,0.0,0.333,1.69%,0.32%,0.911257538,9.66%,65.00%,45.00%,0.478,0.462,0.258,0.276,0.8
284,0.33299999999999996,0.0,0.33299999999999996,0.0,0.0,0.333,0.02%,0.08%,1.221239365,13.00%,60.00%,50.00%,0.41200000000000003,0.42700000000000005,0.42200000000000004,0.42,0.68
285,0.0,0.33299999999999996,0.33299999999999996,0.0,0.0,0.333,4.58%,1.02%,1.00204896,10.09%,55.00%,55.00%,0.5920000000000001,0.563,0.306,0.295,0.56
286,0.33299999999999996,0.0,0.0,0.33299999999999996,0.0,0.333,2.08%,0.48%,1.117253227,11.73%,55.00%,55.00%,0.493,0.485,0.36700000000000005,0.365,0.56
287,0.0,0.33299999999999996,0.0,0.33299999999999996,0.0,0.333,2.22%,0.43%,0.948520312,9.71%,55.00%,40.00%,0.499,0.478,0.278,0.278,0.56
288,0.0,0.0,0.33299999999999996,0.33299999999999996,0.0,0.333,4.62%,1.12%,1.204041067,12.43%,55.00%,45.00%,0.594,0.5770000000000001,0.413,0.395,0.56
289,0.33299999999999996,0.0,0.0,0.0,0.33299999999999996,0.333,1.77%,0.31%,0.924853412,9.36%,60.00%,50.00%,0.48100000000000004,0.46,0.265,0.263,0.68
290,0.0,0.33299999999999996,0.0,0.0,0.33299999999999996,0.333,2.40%,0.43%,0.857932817,8.48%,65.00%,45.00%,0.506,0.478,0.23,0.226,0.8
291,0.0,0.0,0.33299999999999996,0.0,0.33299999999999996,0.333,1.72%,0.27%,0.90535242,8.98%,55.00%,50.00%,0.479,0.455,0.255,0.247,0.56
292,0.0,0.0,0.0,0.33299999999999996,0.33299999999999996,0.333,1.00%,0.11%,0.88915352,9.09%,60.00%,45.00%,0.451,0.431,0.247,0.252,0.68
293,0.25,0.25,0.25,0.25,0.0,0.000,9.61%,2.47%,1.481031267,15.36%,55.00%,50.00%,0.7909999999999999,0.773,0.5589999999999999,0.521,0.56
294,0.25,0.25,0.25,0.0,0.25,0.000,5.80%,1.46%,1.347108913,13.66%,55.00%,70.00%,0.64,0.627,0.488,0.44799999999999995,0.56
295,0.25,0.25,0.0,0.25,0.25,0.000,6.42%,1.56%,1.217077907,12.51%,65.00%,65.00%,0.665,0.6409999999999999,0.419,0.39899999999999997,0.8
296,0.25,0.0,0.25,0.25,0.25,0.000,6.56%,1.81%,1.579028222,16.25%,55.00%,45.00%,0.67,0.677,0.61,0.5589999999999999,0.56
297,0.0,0.25,0.25,0.25,0.25,0.000,6.77%,1.67%,1.269450205,13.04%,60.00%,55.00%,0.679,0.6579999999999999,0.447,0.42100000000000004,0.68
298,0.25,0.25,0.25,0.0,0.0,0.250,4.29%,1.04%,1.136064633,11.75%,60.00%,60.00%,0.581,0.5660000000000001,0.377,0.366,0.68
299,0.25,0.25,0.0,0.25,0.0,0.250,3.36%,0.73%,0.996955143,10.25%,55.00%,60.00%,0.544,0.52,0.303,0.301,0.56
300,0.25,0.0,0.25,0.25,0.0,0.250,4.36%,1.16%,1.312257301,13.93%,60.00%,50.00%,0.584,0.583,0.47,0.46,0.68
301,0.0,0.25,0.25,0.25,0.0,0.250,5.13%,1.17%,1.071879778,10.85%,60.00%,60.00%,0.614,0.585,0.34299999999999997,0.327,0.68
302,0.25,0.25,0.0,0.0,0.25,0.250,2.39%,0.42%,0.852324781,8.39%,55.00%,55.00%,0.506,0.47600000000000003,0.22699999999999998,0.222,0.56
303,0.25,0.0,0.25,0.0,0.25,0.250,2.07%,0.45%,1.094061693,11.22%,60.00%,60.00%,0.493,0.48,0.355,0.34299999999999997,0.68
304,0.0,0.25,0.25,0.0,0.25,0.250,3.74%,0.76%,0.906347414,8.92%,55.00%,65.00%,0.5589999999999999,0.526,0.256,0.245,0.56
305,0.25,0.0,0.0,0.25,0.25,0.250,3.09%,0.64%,0.979382952,10.05%,55.00%,65.00%,0.5329999999999999,0.508,0.294,0.293,0.56
306,0.0,0.25,0.0,0.25,0.25,0.250,1.86%,0.34%,0.892118303,9.20%,65.00%,40.00%,0.485,0.46399999999999997,0.248,0.257,0.8
307,0.0,0.0,0.25,0.25,0.25,0.250,3.67%,0.79%,1.048570622,10.51%,60.00%,55.00%,0.556,0.53,0.331,0.313,0.68
308,0.2,0.2,0.2,0.2,0.2,0.000,8.05%,2.00%,1.371974486,13.92%,55.00%,60.00%,0.7290000000000001,0.705,0.501,0.45899999999999996,0.56
309,0.2,0.2,0.2,0.2,0.0,0.200,5.49%,1.30%,1.181784489,11.92%,55.00%,55.00%,0.628,0.603,0.401,0.373,0.56
310,0.2,0.2,0.2,0.0,0.2,0.200,3.47%,0.74%,1.010770576,10.08%,55.00%,65.00%,0.5479999999999999,0.522,0.311,0.294,0.56
311,0.2,0.2,0.0,0.2,0.2,0.200,3.37%,0.68%,0.918444485,9.20%,60.00%,60.00%,0.544,0.514,0.262,0.257,0.68
312,0.2,0.0,0.2,0.2,0.2,0.200,4.49%,1.04%,1.162878127,11.82%,55.00%,50.00%,0.588,0.5660000000000001,0.391,0.369,0.56
313,0.0,0.2,0.2,0.2,0.2,0.200,4.05%,0.88%,0.998392017,10.06%,60.00%,65.00%,0.5710000000000001,0.542,0.304,0.293,0.68
314,0.16699999999999998,0.16699999999999998,0.16699999999999998,0.16699999999999998,0.16699999999999998,0.167,5.75%,1.29%,1.048489346,10.50%,55.00%,75.00%,0.638,0.602,0.331,0.312,0.56
